sourceTaxonId	sourceTaxonName	interactionTypeId	interactionTypeName	targetTaxonId	targetTaxonName	localityId	localityName	decimalLatitude	decimalLongitude	observationDateTime	notes	referenceDoi	referenceCitation
EOL:328638	Leptonychotes weddelli	RO:0002470	eats	EOL:1158	Amphipoda	GEONAMES:6637890	McMurdo Sound, Antarctica	-77.5	165	1958-10/1961-04	From stomach contents	doi:10.2307/1377814	Dearborn, John H. Food of Weddell Seals at McMurdo Sound, Antarctica. Journal of Mammalogy: pp. 37-43.
EOL:328638	Leptonychotes weddelli	RO:0002470	eats	EOL:1022196	Antarctomysis ohlinii	GEONAMES:6637890	McMurdo Sound, Antarctica	-77.5	165	1958-10/1961-04	From stomach contents	doi:10.2307/1377814	Dearborn, John H. Food of Weddell Seals at McMurdo Sound, Antarctica. Journal of Mammalogy: pp. 37-43.
EOL:328638	Leptonychotes weddelli	RO:0002470	eats	EOL:5370	Bathydraconidae	GEONAMES:6637890	McMurdo Sound, Antarctica	-77.5	165	1958-10/1961-04	From stomach contents	doi:10.2307/1377814	Dearborn, John H. Food of Weddell Seals at McMurdo Sound, Antarctica. Journal of Mammalogy: pp. 37-43.
EOL:328638	Leptonychotes weddelli	RO:0002470	eats	EOL:2312	Cephalopoda	GEONAMES:6637890	McMurdo Sound, Antarctica	-77.5	165	1958-10/1961-04	From stomach contents	doi:10.2307/1377814	Dearborn, John H. Food of Weddell Seals at McMurdo Sound, Antarctica. Journal of Mammalogy: pp. 37-43.
EOL:328638	Leptonychotes weddelli	RO:0002470	eats	EOL:330267	Chorismus antarcticus	GEONAMES:6637890	McMurdo Sound, Antarctica	-77.5	165	1958-10/1961-04	From stomach contents	doi:10.2307/1377814	Dearborn, John H. Food of Weddell Seals at McMurdo Sound, Antarctica. Journal of Mammalogy: pp. 37-43.
EOL:328638	Leptonychotes weddelli	RO:0002470	eats	EOL:3111073	Crangon (Notocrangon) antarcticus	GEONAMES:6637890	McMurdo Sound, Antarctica	-77.5	165	1958-10/1961-04	From stomach contents	doi:10.2307/1377814	Dearborn, John H. Food of Weddell Seals at McMurdo Sound, Antarctica. Journal of Mammalogy: pp. 37-43.
EOL:328638	Leptonychotes weddelli	RO:0002470	eats	EOL:15198	Cymothoidae (Cirolanidae) probably Cirolana	GEONAMES:6637890	McMurdo Sound, Antarctica	-77.5	165	1958-10/1961-04	From stomach contents	doi:10.2307/1377814	Dearborn, John H. Food of Weddell Seals at McMurdo Sound, Antarctica. Journal of Mammalogy: pp. 37-43.
EOL:328638	Leptonychotes weddelli	RO:0002470	eats	EOL:1183	Decapoda	GEONAMES:6637890	McMurdo Sound, Antarctica	-77.5	165	1958-10/1961-04	From stomach contents	doi:10.2307/1377814	Dearborn, John H. Food of Weddell Seals at McMurdo Sound, Antarctica. Journal of Mammalogy: pp. 37-43.
EOL:328638	Leptonychotes weddelli	RO:0002470	eats	EOL:2312	Eledonid octopods	GEONAMES:6637890	McMurdo Sound, Antarctica	-77.5	165	1958-10/1961-04	From stomach contents	doi:10.2307/1377814	Dearborn, John H. Food of Weddell Seals at McMurdo Sound, Antarctica. Journal of Mammalogy: pp. 37-43.
EOL:328638	Leptonychotes weddelli	RO:0002470	eats	EOL:15279	Epimeria	GEONAMES:6637890	McMurdo Sound, Antarctica	-77.5	165	1958-10/1961-04	From stomach contents	doi:10.2307/1377814	Dearborn, John H. Food of Weddell Seals at McMurdo Sound, Antarctica. Journal of Mammalogy: pp. 37-43.
EOL:328638	Leptonychotes weddelli	RO:0002470	eats	EOL:341276	Eusirus microps	GEONAMES:6637890	McMurdo Sound, Antarctica	-77.5	165	1958-10/1961-04	From stomach contents	doi:10.2307/1377814	Dearborn, John H. Food of Weddell Seals at McMurdo Sound, Antarctica. Journal of Mammalogy: pp. 37-43.
EOL:328638	Leptonychotes weddelli	RO:0002470	eats	EOL:1905	Fishes	GEONAMES:6637890	McMurdo Sound, Antarctica	-77.5	165	1958-10/1961-04	From stomach contents	doi:10.2307/1377814	Dearborn, John H. Food of Weddell Seals at McMurdo Sound, Antarctica. Journal of Mammalogy: pp. 37-43.
EOL:328638	Leptonychotes weddelli	RO:0002470	eats	EOL:7230	Isopoda	GEONAMES:6637890	McMurdo Sound, Antarctica	-77.5	165	1958-10/1961-04	From stomach contents	doi:10.2307/1377814	Dearborn, John H. Food of Weddell Seals at McMurdo Sound, Antarctica. Journal of Mammalogy: pp. 37-43.
EOL:328638	Leptonychotes weddelli	RO:0002470	eats	EOL:4291563	Mysidacea	GEONAMES:6637890	McMurdo Sound, Antarctica	-77.5	165	1958-10/1961-04	From stomach contents	doi:10.2307/1377814	Dearborn, John H. Food of Weddell Seals at McMurdo Sound, Antarctica. Journal of Mammalogy: pp. 37-43.
EOL:328638	Leptonychotes weddelli	RO:0002470	eats	EOL:223358	Pleuragramma antarcticum	GEONAMES:6637890	McMurdo Sound, Antarctica	-77.5	165	1958-10/1961-04	From stomach contents	doi:10.2307/1377814	Dearborn, John H. Food of Weddell Seals at McMurdo Sound, Antarctica. Journal of Mammalogy: pp. 37-43.
EOL:328638	Leptonychotes weddelli	RO:0002470	eats	EOL:25670	Trematomus	GEONAMES:6637890	McMurdo Sound, Antarctica	-77.5	165	1958-10/1961-04	From stomach contents	doi:10.2307/1377814	Dearborn, John H. Food of Weddell Seals at McMurdo Sound, Antarctica. Journal of Mammalogy: pp. 37-43.
EOL:328002	Spermophilus columbianus	RO:0002470	eats	EOL:467225	Achillea millefolium	GEONAMES:6090720	North Thompson River near Skull Mountain, 40 km north of Kamloops, British Columbia	51	-120	1984-07-12/17	From stomach and fecal contents	doi:10.2307/3536460	Harestad, Alton S. Food Habits of Columbian Ground Squirrels: A Comparison of Stomach and Fecal Samples. The Murrelet 67, no. 3 (1986): 75-78.
EOL:328002	Spermophilus columbianus	RO:0002470	eats	EOL:11301062	Agrostis alba	GEONAMES:6090720	North Thompson River near Skull Mountain, 40 km north of Kamloops, British Columbia	51	-120	1984-07-12/17	From stomach and fecal contents	doi:10.2307/3536460	Harestad, Alton S. Food Habits of Columbian Ground Squirrels: A Comparison of Stomach and Fecal Samples. The Murrelet 67, no. 3 (1986): 75-78.
EOL:328002	Spermophilus columbianus	RO:0002470	eats	EOL:589301	Cerastium arvense	GEONAMES:6090720	North Thompson River near Skull Mountain, 40 km north of Kamloops, British Columbia	51	-120	1984-07-12/17	From stomach and fecal contents	doi:10.2307/3536460	Harestad, Alton S. Food Habits of Columbian Ground Squirrels: A Comparison of Stomach and Fecal Samples. The Murrelet 67, no. 3 (1986): 75-78.
EOL:328002	Spermophilus columbianus	RO:0002470	eats	EOL:468373	Cirsium arvense	GEONAMES:6090720	North Thompson River near Skull Mountain, 40 km north of Kamloops, British Columbia	51	-120	1984-07-12/17	From stomach and fecal contents	doi:10.2307/3536460	Harestad, Alton S. Food Habits of Columbian Ground Squirrels: A Comparison of Stomach and Fecal Samples. The Murrelet 67, no. 3 (1986): 75-78.
EOL:328002	Spermophilus columbianus	RO:0002470	eats	EOL:468830	Cirsium vulgare	GEONAMES:6090720	North Thompson River near Skull Mountain, 40 km north of Kamloops, British Columbia	51	-120	1984-07-12/17	From stomach and fecal contents	doi:10.2307/3536460	Harestad, Alton S. Food Habits of Columbian Ground Squirrels: A Comparison of Stomach and Fecal Samples. The Murrelet 67, no. 3 (1986): 75-78.
EOL:328002	Spermophilus columbianus	RO:0002470	eats	EOL:596765	Equisetum scirpoides	GEONAMES:6090720	North Thompson River near Skull Mountain, 40 km north of Kamloops, British Columbia	51	-120	1984-07-12/17	From stomach and fecal contents	doi:10.2307/3536460	Harestad, Alton S. Food Habits of Columbian Ground Squirrels: A Comparison of Stomach and Fecal Samples. The Murrelet 67, no. 3 (1986): 75-78.
EOL:328002	Spermophilus columbianus	RO:0002470	eats	EOL:579912	Eritrichium nanum	GEONAMES:6090720	North Thompson River near Skull Mountain, 40 km north of Kamloops, British Columbia	51	-120	1984-07-12/17	From stomach and fecal contents	doi:10.2307/3536460	Harestad, Alton S. Food Habits of Columbian Ground Squirrels: A Comparison of Stomach and Fecal Samples. The Murrelet 67, no. 3 (1986): 75-78.
EOL:328002	Spermophilus columbianus	RO:0002470	eats	EOL:6349041	Lichen	GEONAMES:6090720	North Thompson River near Skull Mountain, 40 km north of Kamloops, British Columbia	51	-120	1984-07-12/17	From stomach and fecal contents	doi:10.2307/3536460	Harestad, Alton S. Food Habits of Columbian Ground Squirrels: A Comparison of Stomach and Fecal Samples. The Murrelet 67, no. 3 (1986): 75-78.
EOL:328002	Spermophilus columbianus	RO:0002470	eats	EOL:467241	Linaria vulgaris	GEONAMES:6090720	North Thompson River near Skull Mountain, 40 km north of Kamloops, British Columbia	51	-120	1984-07-12/17	From stomach and fecal contents	doi:10.2307/3536460	Harestad, Alton S. Food Habits of Columbian Ground Squirrels: A Comparison of Stomach and Fecal Samples. The Murrelet 67, no. 3 (1986): 75-78.
EOL:328002	Spermophilus columbianus	RO:0002470	eats	EOL:3768	Moss	GEONAMES:6090720	North Thompson River near Skull Mountain, 40 km north of Kamloops, British Columbia	51	-120	1984-07-12/17	From stomach and fecal contents	doi:10.2307/3536460	Harestad, Alton S. Food Habits of Columbian Ground Squirrels: A Comparison of Stomach and Fecal Samples. The Murrelet 67, no. 3 (1986): 75-78.
EOL:328002	Spermophilus columbianus	RO:0002470	eats	EOL:5559	Mushroom	GEONAMES:6090720	North Thompson River near Skull Mountain, 40 km north of Kamloops, British Columbia	51	-120	1984-07-12/17	From stomach and fecal contents	doi:10.2307/3536460	Harestad, Alton S. Food Habits of Columbian Ground Squirrels: A Comparison of Stomach and Fecal Samples. The Murrelet 67, no. 3 (1986): 75-78.
EOL:328002	Spermophilus columbianus	RO:0002470	eats	EOL:1114583	Poa pratensis	GEONAMES:6090720	North Thompson River near Skull Mountain, 40 km north of Kamloops, British Columbia	51	-120	1984-07-12/17	From stomach and fecal contents	doi:10.2307/3536460	Harestad, Alton S. Food Habits of Columbian Ground Squirrels: A Comparison of Stomach and Fecal Samples. The Murrelet 67, no. 3 (1986): 75-78.
EOL:328002	Spermophilus columbianus	RO:0002470	eats	EOL:584254	Populus balsamifera	GEONAMES:6090720	North Thompson River near Skull Mountain, 40 km north of Kamloops, British Columbia	51	-120	1984-07-12/17	From stomach and fecal contents	doi:10.2307/3536460	Harestad, Alton S. Food Habits of Columbian Ground Squirrels: A Comparison of Stomach and Fecal Samples. The Murrelet 67, no. 3 (1986): 75-78.
EOL:328002	Spermophilus columbianus	RO:0002470	eats	EOL:585262	Rumex acetosella	GEONAMES:6090720	North Thompson River near Skull Mountain, 40 km north of Kamloops, British Columbia	51	-120	1984-07-12/17	From stomach and fecal contents	doi:10.2307/3536460	Harestad, Alton S. Food Habits of Columbian Ground Squirrels: A Comparison of Stomach and Fecal Samples. The Murrelet 67, no. 3 (1986): 75-78.
EOL:328002	Spermophilus columbianus	RO:0002470	eats	EOL:53230	Stellaria	GEONAMES:6090720	North Thompson River near Skull Mountain, 40 km north of Kamloops, British Columbia	51	-120	1984-07-12/17	From stomach and fecal contents	doi:10.2307/3536460	Harestad, Alton S. Food Habits of Columbian Ground Squirrels: A Comparison of Stomach and Fecal Samples. The Murrelet 67, no. 3 (1986): 75-78.
EOL:328002	Spermophilus columbianus	RO:0002470	eats	EOL:578234	Taraxacum officinale	GEONAMES:6090720	North Thompson River near Skull Mountain, 40 km north of Kamloops, British Columbia	51	-120	1984-07-12/17	From stomach and fecal contents	doi:10.2307/3536460	Harestad, Alton S. Food Habits of Columbian Ground Squirrels: A Comparison of Stomach and Fecal Samples. The Murrelet 67, no. 3 (1986): 75-78.
EOL:328002	Spermophilus columbianus	RO:0002470	eats	EOL:703393	Trifolium dubium	GEONAMES:6090720	North Thompson River near Skull Mountain, 40 km north of Kamloops, British Columbia	51	-120	1984-07-12/17	From stomach and fecal contents	doi:10.2307/3536460	Harestad, Alton S. Food Habits of Columbian Ground Squirrels: A Comparison of Stomach and Fecal Samples. The Murrelet 67, no. 3 (1986): 75-78.
EOL:328002	Spermophilus columbianus	RO:0002470	eats	EOL:281	Unidentified forb	GEONAMES:6090720	North Thompson River near Skull Mountain, 40 km north of Kamloops, British Columbia	51	-120	1984-07-12/17	From stomach and fecal contents	doi:10.2307/3536460	Harestad, Alton S. Food Habits of Columbian Ground Squirrels: A Comparison of Stomach and Fecal Samples. The Murrelet 67, no. 3 (1986): 75-78.
EOL:328002	Spermophilus columbianus	RO:0002470	eats	EOL:578530	Verbascum thapsus	GEONAMES:6090720	North Thompson River near Skull Mountain, 40 km north of Kamloops, British Columbia	51	-120	1984-07-12/17	From stomach and fecal contents	doi:10.2307/3536460	Harestad, Alton S. Food Habits of Columbian Ground Squirrels: A Comparison of Stomach and Fecal Samples. The Murrelet 67, no. 3 (1986): 75-78.
EOL:129548	Tursiops truncatus	RO:0002470	eats	EOL:213714	Archosargus probatocephalus	GEONAMES:4172133	Sarasota Bay area of the west central coast of Florida	27.38771	-82.60547		From stomach contents		Barros, Nélio B., Randall S. Wells, and Nelio B. Barros. Prey and Feeding Patterns of Resident Bottlenose Dolphins (Tursiops Truncatus) in Sarasota Bay, Florida. Journal of Mammalogy 79, no. 3 (1998): 1045-059.
EOL:129548	Tursiops truncatus	RO:0002470	eats	EOL:24695	Brevoortia	GEONAMES:4172133	Sarasota Bay area of the west central coast of Florida	27.38771	-82.60547		From stomach contents		Barros, Nélio B., Randall S. Wells, and Nelio B. Barros. Prey and Feeding Patterns of Resident Bottlenose Dolphins (Tursiops Truncatus) in Sarasota Bay, Florida. Journal of Mammalogy 79, no. 3 (1998): 1045-059.
EOL:129548	Tursiops truncatus	RO:0002470	eats	EOL:2794986	Caranx hippos	GEONAMES:4172133	Sarasota Bay area of the west central coast of Florida	27.38771	-82.60547		From stomach contents		Barros, Nélio B., Randall S. Wells, and Nelio B. Barros. Prey and Feeding Patterns of Resident Bottlenose Dolphins (Tursiops Truncatus) in Sarasota Bay, Florida. Journal of Mammalogy 79, no. 3 (1998): 1045-059.
EOL:129548	Tursiops truncatus	RO:0002470	eats	EOL:17539	Cynoscion	GEONAMES:4172133	Sarasota Bay area of the west central coast of Florida	27.38771	-82.60547		From stomach contents		Barros, Nélio B., Randall S. Wells, and Nelio B. Barros. Prey and Feeding Patterns of Resident Bottlenose Dolphins (Tursiops Truncatus) in Sarasota Bay, Florida. Journal of Mammalogy 79, no. 3 (1998): 1045-059.
EOL:129548	Tursiops truncatus	RO:0002470	eats	EOL:225460	Elops saurus	GEONAMES:4172133	Sarasota Bay area of the west central coast of Florida	27.38771	-82.60547		From stomach contents		Barros, Nélio B., Randall S. Wells, and Nelio B. Barros. Prey and Feeding Patterns of Resident Bottlenose Dolphins (Tursiops Truncatus) in Sarasota Bay, Florida. Journal of Mammalogy 79, no. 3 (1998): 1045-059.
EOL:129548	Tursiops truncatus	RO:0002470	eats	EOL:217032	Gerres cinereus	GEONAMES:4172133	Sarasota Bay area of the west central coast of Florida	27.38771	-82.60547		From stomach contents		Barros, Nélio B., Randall S. Wells, and Nelio B. Barros. Prey and Feeding Patterns of Resident Bottlenose Dolphins (Tursiops Truncatus) in Sarasota Bay, Florida. Journal of Mammalogy 79, no. 3 (1998): 1045-059.
EOL:129548	Tursiops truncatus	RO:0002470	eats	EOL:995122	Lagodon rhomboides	GEONAMES:4172133	Sarasota Bay area of the west central coast of Florida	27.38771	-82.60547		From stomach contents		Barros, Nélio B., Randall S. Wells, and Nelio B. Barros. Prey and Feeding Patterns of Resident Bottlenose Dolphins (Tursiops Truncatus) in Sarasota Bay, Florida. Journal of Mammalogy 79, no. 3 (1998): 1045-059.
EOL:129548	Tursiops truncatus	RO:0002470	eats	EOL:206726	Leiostomus xanthurus	GEONAMES:4172133	Sarasota Bay area of the west central coast of Florida	27.38771	-82.60547		From stomach contents		Barros, Nélio B., Randall S. Wells, and Nelio B. Barros. Prey and Feeding Patterns of Resident Bottlenose Dolphins (Tursiops Truncatus) in Sarasota Bay, Florida. Journal of Mammalogy 79, no. 3 (1998): 1045-059.
EOL:129548	Tursiops truncatus	RO:0002470	eats	EOL:206857	Mugil cephalus	GEONAMES:4172133	Sarasota Bay area of the west central coast of Florida	27.38771	-82.60547		From stomach contents		Barros, Nélio B., Randall S. Wells, and Nelio B. Barros. Prey and Feeding Patterns of Resident Bottlenose Dolphins (Tursiops Truncatus) in Sarasota Bay, Florida. Journal of Mammalogy 79, no. 3 (1998): 1045-059.
EOL:129548	Tursiops truncatus	RO:0002470	eats	EOL:223963	Ophichthus gomesi	GEONAMES:4172133	Sarasota Bay area of the west central coast of Florida	27.38771	-82.60547		From stomach contents		Barros, Nélio B., Randall S. Wells, and Nelio B. Barros. Prey and Feeding Patterns of Resident Bottlenose Dolphins (Tursiops Truncatus) in Sarasota Bay, Florida. Journal of Mammalogy 79, no. 3 (1998): 1045-059.
EOL:129548	Tursiops truncatus	RO:0002470	eats	EOL:214676	Opsanus beta	GEONAMES:4172133	Sarasota Bay area of the west central coast of Florida	27.38771	-82.60547		From stomach contents		Barros, Nélio B., Randall S. Wells, and Nelio B. Barros. Prey and Feeding Patterns of Resident Bottlenose Dolphins (Tursiops Truncatus) in Sarasota Bay, Florida. Journal of Mammalogy 79, no. 3 (1998): 1045-059.
EOL:129548	Tursiops truncatus	RO:0002470	eats	EOL:356344	Orthopristis chrysoptera	GEONAMES:4172133	Sarasota Bay area of the west central coast of Florida	27.38771	-82.60547		From stomach contents		Barros, Nélio B., Randall S. Wells, and Nelio B. Barros. Prey and Feeding Patterns of Resident Bottlenose Dolphins (Tursiops Truncatus) in Sarasota Bay, Florida. Journal of Mammalogy 79, no. 3 (1998): 1045-059.
EOL:328617	Eumetopias jubata	RO:0002470	eats	EOL:1745	Coelenterates	GEONAMES:5859087	Chernabura Island	54.7875	-159.56028	1958	From stomach contents of 114 sea lions		Mathisen, O. A., R. T. Baade, and R. J. Lopp. Breeding Habits, Growth and Stomach Contents of the Steller Sea Lion in Alaska. Journal of Mammalogy 43, no. 4 (1962): 469-77.
EOL:328617	Eumetopias jubata	RO:0002470	eats	EOL:2215	Common bivalves	GEONAMES:5859087	Chernabura Island	54.7875	-159.56028	1958	From stomach contents of 114 sea lions		Mathisen, O. A., R. T. Baade, and R. J. Lopp. Breeding Habits, Growth and Stomach Contents of the Steller Sea Lion in Alaska. Journal of Mammalogy 43, no. 4 (1962): 469-77.
EOL:328617	Eumetopias jubata	RO:0002470	eats	EOL:2604866	crabs	GEONAMES:5859087	Chernabura Island	54.7875	-159.56028	1958	From stomach contents of 114 sea lions		Mathisen, O. A., R. T. Baade, and R. J. Lopp. Breeding Habits, Growth and Stomach Contents of the Steller Sea Lion in Alaska. Journal of Mammalogy 43, no. 4 (1962): 469-77.
EOL:328617	Eumetopias jubata	RO:0002470	eats	EOL:2791775	Greenlings	GEONAMES:5859087	Chernabura Island	54.7875	-159.56028	1958	From stomach contents of 114 sea lions		Mathisen, O. A., R. T. Baade, and R. J. Lopp. Breeding Habits, Growth and Stomach Contents of the Steller Sea Lion in Alaska. Journal of Mammalogy 43, no. 4 (1962): 469-77.
EOL:328617	Eumetopias jubata	RO:0002470	eats	EOL:7230	Isopods	GEONAMES:5859087	Chernabura Island	54.7875	-159.56028	1958	From stomach contents of 114 sea lions		Mathisen, O. A., R. T. Baade, and R. J. Lopp. Breeding Habits, Growth and Stomach Contents of the Steller Sea Lion in Alaska. Journal of Mammalogy 43, no. 4 (1962): 469-77.
EOL:328617	Eumetopias jubata	RO:0002470	eats	EOL:3565	Kelp	GEONAMES:5859087	Chernabura Island	54.7875	-159.56028	1958	From stomach contents of 114 sea lions		Mathisen, O. A., R. T. Baade, and R. J. Lopp. Breeding Habits, Growth and Stomach Contents of the Steller Sea Lion in Alaska. Journal of Mammalogy 43, no. 4 (1962): 469-77.
EOL:328617	Eumetopias jubata	RO:0002470	eats	EOL:1904	Lampreys	GEONAMES:5859087	Chernabura Island	54.7875	-159.56028	1958	From stomach contents of 114 sea lions		Mathisen, O. A., R. T. Baade, and R. J. Lopp. Breeding Habits, Growth and Stomach Contents of the Steller Sea Lion in Alaska. Journal of Mammalogy 43, no. 4 (1962): 469-77.
EOL:328617	Eumetopias jubata	RO:0002470	eats	EOL:2315	octopus	GEONAMES:5859087	Chernabura Island	54.7875	-159.56028	1958	From stomach contents of 114 sea lions		Mathisen, O. A., R. T. Baade, and R. J. Lopp. Breeding Habits, Growth and Stomach Contents of the Steller Sea Lion in Alaska. Journal of Mammalogy 43, no. 4 (1962): 469-77.
EOL:328617	Eumetopias jubata	RO:0002470	eats	EOL:205246	Oncorhynchus gorbuscha	GEONAMES:5859087	Chernabura Island	54.7875	-159.56028	1958	From stomach contents of 114 sea lions		Mathisen, O. A., R. T. Baade, and R. J. Lopp. Breeding Habits, Growth and Stomach Contents of the Steller Sea Lion in Alaska. Journal of Mammalogy 43, no. 4 (1962): 469-77.
EOL:328617	Eumetopias jubata	RO:0002470	eats	EOL:4709976	Sand dollar	GEONAMES:5859087	Chernabura Island	54.7875	-159.56028	1958	From stomach contents of 114 sea lions		Mathisen, O. A., R. T. Baade, and R. J. Lopp. Breeding Habits, Growth and Stomach Contents of the Steller Sea Lion in Alaska. Journal of Mammalogy 43, no. 4 (1962): 469-77.
EOL:328617	Eumetopias jubata	RO:0002470	eats	EOL:24549	Sand lances	GEONAMES:5859087	Chernabura Island	54.7875	-159.56028	1958	From stomach contents of 114 sea lions		Mathisen, O. A., R. T. Baade, and R. J. Lopp. Breeding Habits, Growth and Stomach Contents of the Steller Sea Lion in Alaska. Journal of Mammalogy 43, no. 4 (1962): 469-77.
EOL:328617	Eumetopias jubata	RO:0002470	eats	EOL:5146	Sculpins	GEONAMES:5859087	Chernabura Island	54.7875	-159.56028	1958	From stomach contents of 114 sea lions		Mathisen, O. A., R. T. Baade, and R. J. Lopp. Breeding Habits, Growth and Stomach Contents of the Steller Sea Lion in Alaska. Journal of Mammalogy 43, no. 4 (1962): 469-77.
EOL:328617	Eumetopias jubata	RO:0002470	eats	EOL:23853	Sebastodes	GEONAMES:5859087	Chernabura Island	54.7875	-159.56028	1958	From stomach contents of 114 sea lions		Mathisen, O. A., R. T. Baade, and R. J. Lopp. Breeding Habits, Growth and Stomach Contents of the Steller Sea Lion in Alaska. Journal of Mammalogy 43, no. 4 (1962): 469-77.
EOL:328617	Eumetopias jubata	RO:0002470	eats	EOL:36	Segmented worms	GEONAMES:5859087	Chernabura Island	54.7875	-159.56028	1958	From stomach contents of 114 sea lions		Mathisen, O. A., R. T. Baade, and R. J. Lopp. Breeding Habits, Growth and Stomach Contents of the Steller Sea Lion in Alaska. Journal of Mammalogy 43, no. 4 (1962): 469-77.
EOL:328617	Eumetopias jubata	RO:0002470	eats	EOL:1183	Shrimps	GEONAMES:5859087	Chernabura Island	54.7875	-159.56028	1958	From stomach contents of 114 sea lions		Mathisen, O. A., R. T. Baade, and R. J. Lopp. Breeding Habits, Growth and Stomach Contents of the Steller Sea Lion in Alaska. Journal of Mammalogy 43, no. 4 (1962): 469-77.
EOL:328617	Eumetopias jubata	RO:0002470	eats	EOL:5399	Smelts	GEONAMES:5859087	Chernabura Island	54.7875	-159.56028	1958	From stomach contents of 114 sea lions		Mathisen, O. A., R. T. Baade, and R. J. Lopp. Breeding Habits, Growth and Stomach Contents of the Steller Sea Lion in Alaska. Journal of Mammalogy 43, no. 4 (1962): 469-77.
EOL:328617	Eumetopias jubata	RO:0002470	eats	EOL:2312	Squid	GEONAMES:5859087	Chernabura Island	54.7875	-159.56028	1958	From stomach contents of 114 sea lions		Mathisen, O. A., R. T. Baade, and R. J. Lopp. Breeding Habits, Growth and Stomach Contents of the Steller Sea Lion in Alaska. Journal of Mammalogy 43, no. 4 (1962): 469-77.
EOL:328617	Eumetopias jubata	RO:0002470	eats	EOL:2598871	Unclassified crustaceans	GEONAMES:5859087	Chernabura Island	54.7875	-159.56028	1958	From stomach contents of 114 sea lions		Mathisen, O. A., R. T. Baade, and R. J. Lopp. Breeding Habits, Growth and Stomach Contents of the Steller Sea Lion in Alaska. Journal of Mammalogy 43, no. 4 (1962): 469-77.
EOL:129550	Stenella attenuata	RO:0002470	eats	EOL:490066	Abralia astrosticta	GEONAMES:5855797	Hawaii waters	20.75028	-156.50028	1962-08-18	From stomach contents		Shomuba, R. S., and T. S. Hida. Stomach Contents of a Dolphin Caught in Hawaiian Waters. Journal of Mammalogy 46, no. 3 (1965): 500-01.
EOL:129550	Stenella attenuata	RO:0002470	eats	EOL:8267	Alepisauridae	GEONAMES:5855797	Hawaii waters	20.75028	-156.50028	1962-08-18	From stomach contents		Shomuba, R. S., and T. S. Hida. Stomach Contents of a Dolphin Caught in Hawaiian Waters. Journal of Mammalogy 46, no. 3 (1965): 500-01.
EOL:129550	Stenella attenuata	RO:0002470	eats	EOL:5366	Bramidae	GEONAMES:5855797	Hawaii waters	20.75028	-156.50028	1962-08-18	From stomach contents		Shomuba, R. S., and T. S. Hida. Stomach Contents of a Dolphin Caught in Hawaiian Waters. Journal of Mammalogy 46, no. 3 (1965): 500-01.
EOL:129550	Stenella attenuata	RO:0002470	eats	EOL:2604866	crab larvae	GEONAMES:5855797	Hawaii waters	20.75028	-156.50028	1962-08-18	From stomach contents		Shomuba, R. S., and T. S. Hida. Stomach Contents of a Dolphin Caught in Hawaiian Waters. Journal of Mammalogy 46, no. 3 (1965): 500-01.
EOL:129550	Stenella attenuata	RO:0002470	eats	EOL:5322	Gempylidae	GEONAMES:5855797	Hawaii waters	20.75028	-156.50028	1962-08-18	From stomach contents		Shomuba, R. S., and T. S. Hida. Stomach Contents of a Dolphin Caught in Hawaiian Waters. Journal of Mammalogy 46, no. 3 (1965): 500-01.
EOL:129550	Stenella attenuata	RO:0002470	eats	EOL:5419	Myctophidae	GEONAMES:5855797	Hawaii waters	20.75028	-156.50028	1962-08-18	From stomach contents		Shomuba, R. S., and T. S. Hida. Stomach Contents of a Dolphin Caught in Hawaiian Waters. Journal of Mammalogy 46, no. 3 (1965): 500-01.
EOL:129550	Stenella attenuata	RO:0002470	eats	EOL:2855	nemertean worms	GEONAMES:5855797	Hawaii waters	20.75028	-156.50028	1962-08-18	From stomach contents		Shomuba, R. S., and T. S. Hida. Stomach Contents of a Dolphin Caught in Hawaiian Waters. Journal of Mammalogy 46, no. 3 (1965): 500-01.
EOL:129550	Stenella attenuata	RO:0002470	eats	EOL:595487	Ommastrephes hawaiiensis	GEONAMES:5855797	Hawaii waters	20.75028	-156.50028	1962-08-18	From stomach contents		Shomuba, R. S., and T. S. Hida. Stomach Contents of a Dolphin Caught in Hawaiian Waters. Journal of Mammalogy 46, no. 3 (1965): 500-01.
EOL:129550	Stenella attenuata	RO:0002470	eats	EOL:8255	Paralepididae	GEONAMES:5855797	Hawaii waters	20.75028	-156.50028	1962-08-18	From stomach contents		Shomuba, R. S., and T. S. Hida. Stomach Contents of a Dolphin Caught in Hawaiian Waters. Journal of Mammalogy 46, no. 3 (1965): 500-01.
EOL:328577	Balaena mysticetus	RO:0002470	eats	EOL:1022174	Anonyx compactus	GEONAMES:5862664	Gambell, Alaska	63.77972	-171.74111	1982-05-01	From stomach contents		Hazard, Katherine W., and Lloyd F. Lowry. Benthic Prey in a Bowhead Whale from the Northern Bering Sea. Arctic 37, no. 2 (1984): 166-68.
EOL:328577	Balaena mysticetus	RO:0002470	eats	EOL:1025663	Atylus atlassovi	GEONAMES:5862664	Gambell, Alaska	63.77972	-171.74111	1982-05-01	From stomach contents		Hazard, Katherine W., and Lloyd F. Lowry. Benthic Prey in a Bowhead Whale from the Northern Bering Sea. Arctic 37, no. 2 (1984): 166-68.
EOL:328577	Balaena mysticetus	RO:0002470	eats	EOL:36087	Bathymedon	GEONAMES:5862664	Gambell, Alaska	63.77972	-171.74111	1982-05-01	From stomach contents		Hazard, Katherine W., and Lloyd F. Lowry. Benthic Prey in a Bowhead Whale from the Northern Bering Sea. Arctic 37, no. 2 (1984): 166-68.
EOL:328577	Balaena mysticetus	RO:0002470	eats	EOL:1025204	Chionoecetes opilio	GEONAMES:5862664	Gambell, Alaska	63.77972	-171.74111	1982-05-01	From stomach contents		Hazard, Katherine W., and Lloyd F. Lowry. Benthic Prey in a Bowhead Whale from the Northern Bering Sea. Arctic 37, no. 2 (1984): 166-68.
EOL:328577	Balaena mysticetus	RO:0002470	eats	EOL:2215	Clam	GEONAMES:5862664	Gambell, Alaska	63.77972	-171.74111	1982-05-01	From stomach contents		Hazard, Katherine W., and Lloyd F. Lowry. Benthic Prey in a Bowhead Whale from the Northern Bering Sea. Arctic 37, no. 2 (1984): 166-68.
EOL:328577	Balaena mysticetus	RO:0002470	eats	EOL:5146	Cottidae	GEONAMES:5862664	Gambell, Alaska	63.77972	-171.74111	1982-05-01	From stomach contents		Hazard, Katherine W., and Lloyd F. Lowry. Benthic Prey in a Bowhead Whale from the Northern Bering Sea. Arctic 37, no. 2 (1984): 166-68.
EOL:328577	Balaena mysticetus	RO:0002470	eats	EOL:341298	Diastylis bidentata	GEONAMES:5862664	Gambell, Alaska	63.77972	-171.74111	1982-05-01	From stomach contents		Hazard, Katherine W., and Lloyd F. Lowry. Benthic Prey in a Bowhead Whale from the Northern Bering Sea. Arctic 37, no. 2 (1984): 166-68.
EOL:328577	Balaena mysticetus	RO:0002470	eats	EOL:1024414	Eualus fabricii	GEONAMES:5862664	Gambell, Alaska	63.77972	-171.74111	1982-05-01	From stomach contents		Hazard, Katherine W., and Lloyd F. Lowry. Benthic Prey in a Bowhead Whale from the Northern Bering Sea. Arctic 37, no. 2 (1984): 166-68.
EOL:328577	Balaena mysticetus	RO:0002470	eats	EOL:2620777	Gammarid amphipods	GEONAMES:5862664	Gambell, Alaska	63.77972	-171.74111	1982-05-01	From stomach contents		Hazard, Katherine W., and Lloyd F. Lowry. Benthic Prey in a Bowhead Whale from the Northern Bering Sea. Arctic 37, no. 2 (1984): 166-68.
EOL:328577	Balaena mysticetus	RO:0002470	eats	EOL:15167	Hippomedon	GEONAMES:5862664	Gambell, Alaska	63.77972	-171.74111	1982-05-01	From stomach contents		Hazard, Katherine W., and Lloyd F. Lowry. Benthic Prey in a Bowhead Whale from the Northern Bering Sea. Arctic 37, no. 2 (1984): 166-68.
EOL:328577	Balaena mysticetus	RO:0002470	eats	EOL:343984	Hippomedon denticulatus	GEONAMES:5862664	Gambell, Alaska	63.77972	-171.74111	1982-05-01	From stomach contents		Hazard, Katherine W., and Lloyd F. Lowry. Benthic Prey in a Bowhead Whale from the Northern Bering Sea. Arctic 37, no. 2 (1984): 166-68.
EOL:328577	Balaena mysticetus	RO:0002470	eats	EOL:39676	Monoculodes	GEONAMES:5862664	Gambell, Alaska	63.77972	-171.74111	1982-05-01	From stomach contents		Hazard, Katherine W., and Lloyd F. Lowry. Benthic Prey in a Bowhead Whale from the Northern Bering Sea. Arctic 37, no. 2 (1984): 166-68.
EOL:328577	Balaena mysticetus	RO:0002470	eats	EOL:39761	Orchomene	GEONAMES:5862664	Gambell, Alaska	63.77972	-171.74111	1982-05-01	From stomach contents		Hazard, Katherine W., and Lloyd F. Lowry. Benthic Prey in a Bowhead Whale from the Northern Bering Sea. Arctic 37, no. 2 (1984): 166-68.
EOL:328577	Balaena mysticetus	RO:0002470	eats	EOL:1024654	Pontoporeia femorata	GEONAMES:5862664	Gambell, Alaska	63.77972	-171.74111	1982-05-01	From stomach contents		Hazard, Katherine W., and Lloyd F. Lowry. Benthic Prey in a Bowhead Whale from the Northern Bering Sea. Arctic 37, no. 2 (1984): 166-68.
EOL:328577	Balaena mysticetus	RO:0002470	eats	EOL:1272	Synopiidae	GEONAMES:5862664	Gambell, Alaska	63.77972	-171.74111	1982-05-01	From stomach contents		Hazard, Katherine W., and Lloyd F. Lowry. Benthic Prey in a Bowhead Whale from the Northern Bering Sea. Arctic 37, no. 2 (1984): 166-68.
EOL:204762	Ictalurus punctatus	RO:0002470	eats	EOL:1183	Decapoda (crayfish)	GEONAMES:4540488	Lake Carl Blackwell	36.13594	-97.22824	1967-10/1969-08	From stomach contents		Jearld, Ambrose, and Bradford E. Brown. Food of the Channel Catfish (Ictalurus Punctatus) in a Southern Great Plains Reservoir. American Midland Naturalist 86, no. 1 (1971): 110-15.
EOL:204762	Ictalurus punctatus	RO:0002470	eats	EOL:204284	Roccus chrysops	GEONAMES:4540488	Lake Carl Blackwell	36.13594	-97.22824	1967-10/1969-08	From stomach contents		Jearld, Ambrose, and Bradford E. Brown. Food of the Channel Catfish (Ictalurus Punctatus) in a Southern Great Plains Reservoir. American Midland Naturalist 86, no. 1 (1971): 110-15.
EOL:204762	Ictalurus punctatus	RO:0002470	eats	EOL:205147	Dorosoma cepedianum	GEONAMES:4540488	Lake Carl Blackwell	36.13594	-97.22824	1967-10/1969-08	From stomach contents		Jearld, Ambrose, and Bradford E. Brown. Food of the Channel Catfish (Ictalurus Punctatus) in a Southern Great Plains Reservoir. American Midland Naturalist 86, no. 1 (1971): 110-15.
EOL:204762	Ictalurus punctatus	RO:0002470	eats	EOL:218001	Pomoxis annularis	GEONAMES:4540488	Lake Carl Blackwell	36.13594	-97.22824	1967-10/1969-08	From stomach contents		Jearld, Ambrose, and Bradford E. Brown. Food of the Channel Catfish (Ictalurus Punctatus) in a Southern Great Plains Reservoir. American Midland Naturalist 86, no. 1 (1971): 110-15.
EOL:204762	Ictalurus punctatus	RO:0002470	eats	EOL:2195	Mollusca	GEONAMES:4540488	Lake Carl Blackwell	36.13594	-97.22824	1967-10/1969-08	From stomach contents		Jearld, Ambrose, and Bradford E. Brown. Food of the Channel Catfish (Ictalurus Punctatus) in a Southern Great Plains Reservoir. American Midland Naturalist 86, no. 1 (1971): 110-15.
EOL:204762	Ictalurus punctatus	RO:0002470	eats	EOL:328454	Neotoma floridans	GEONAMES:4540488	Lake Carl Blackwell	36.13594	-97.22824	1967-10/1969-08	From stomach contents		Jearld, Ambrose, and Bradford E. Brown. Food of the Channel Catfish (Ictalurus Punctatus) in a Southern Great Plains Reservoir. American Midland Naturalist 86, no. 1 (1971): 110-15.
EOL:204762	Ictalurus punctatus	RO:0002470	eats	EOL:344	Insecta	GEONAMES:4540488	Lake Carl Blackwell	36.13594	-97.22824	1967-10/1969-08	From stomach contents		Jearld, Ambrose, and Bradford E. Brown. Food of the Channel Catfish (Ictalurus Punctatus) in a Southern Great Plains Reservoir. American Midland Naturalist 86, no. 1 (1971): 110-15.
EOL:204762	Ictalurus punctatus	RO:0002470	eats	EOL:345	Coleoptera	GEONAMES:4540488	Lake Carl Blackwell	36.13594	-97.22824	1967-10/1969-08	From stomach contents		Jearld, Ambrose, and Bradford E. Brown. Food of the Channel Catfish (Ictalurus Punctatus) in a Southern Great Plains Reservoir. American Midland Naturalist 86, no. 1 (1971): 110-15.
EOL:204762	Ictalurus punctatus	RO:0002470	eats	EOL:473	Culicidae	GEONAMES:4540488	Lake Carl Blackwell	36.13594	-97.22824	1967-10/1969-08	From stomach contents		Jearld, Ambrose, and Bradford E. Brown. Food of the Channel Catfish (Ictalurus Punctatus) in a Southern Great Plains Reservoir. American Midland Naturalist 86, no. 1 (1971): 110-15.
EOL:204762	Ictalurus punctatus	RO:0002470	eats	EOL:482	Chironomidae	GEONAMES:4540488	Lake Carl Blackwell	36.13594	-97.22824	1967-10/1969-08	From stomach contents		Jearld, Ambrose, and Bradford E. Brown. Food of the Channel Catfish (Ictalurus Punctatus) in a Southern Great Plains Reservoir. American Midland Naturalist 86, no. 1 (1971): 110-15.
EOL:204762	Ictalurus punctatus	RO:0002470	eats	EOL:523	Ephemeroptera	GEONAMES:4540488	Lake Carl Blackwell	36.13594	-97.22824	1967-10/1969-08	From stomach contents		Jearld, Ambrose, and Bradford E. Brown. Food of the Channel Catfish (Ictalurus Punctatus) in a Southern Great Plains Reservoir. American Midland Naturalist 86, no. 1 (1971): 110-15.
EOL:204762	Ictalurus punctatus	RO:0002470	eats	EOL:7230	Isopods	GEONAMES:4540488	Lake Carl Blackwell	36.13594	-97.22824	1967-10/1969-08	From stomach contents		Jearld, Ambrose, and Bradford E. Brown. Food of the Channel Catfish (Ictalurus Punctatus) in a Southern Great Plains Reservoir. American Midland Naturalist 86, no. 1 (1971): 110-15.
EOL:204762	Ictalurus punctatus	RO:0002470	eats	EOL:952	Odonata	GEONAMES:4540488	Lake Carl Blackwell	36.13594	-97.22824	1967-10/1969-08	From stomach contents		Jearld, Ambrose, and Bradford E. Brown. Food of the Channel Catfish (Ictalurus Punctatus) in a Southern Great Plains Reservoir. American Midland Naturalist 86, no. 1 (1971): 110-15.
EOL:914958	Buteo ventralis	RO:0002470	eats	EOL:1049062	Vanellus chilensis	GEONAMES:EOL:1049013	Collipulli, Malleco Province, Chile	-37.95453	-72.43438	1961-10-08	From stomach contents		Greer, J. Keever, and S. Bullock Dillman. Notes on Stomach Contents and Weights of Some Chilean Birds of Prey. The Auk 83, no. 2 (1966): 308-09.
EOL:914958	Bubo virginianus	RO:0002470	eats	EOL:1179834	Akodon olivaceus	GEONAMES:EOL:1049013	Collipulli, Malleco Province, Chile	-37.95453	-72.43438	1961-10-08	From stomach contents		Greer, J. Keever, and S. Bullock Dillman. Notes on Stomach Contents and Weights of Some Chilean Birds of Prey. The Auk 83, no. 2 (1966): 308-09.
EOL:1049171	Falco sparverius	RO:0002470	eats	EOL:1179834	Akodon olivaceus	GEONAMES:EOL:1049013	Collipulli, Malleco Province, Chile	-37.95453	-72.43438	1961-10-08	From stomach contents		Greer, J. Keever, and S. Bullock Dillman. Notes on Stomach Contents and Weights of Some Chilean Birds of Prey. The Auk 83, no. 2 (1966): 308-09.
EOL:1049171	Falco sparverius	RO:0002470	eats	EOL:165	Arachnida	GEONAMES:EOL:1049013	Collipulli, Malleco Province, Chile	-37.95453	-72.43438	1961-10-08	From stomach contents		Greer, J. Keever, and S. Bullock Dillman. Notes on Stomach Contents and Weights of Some Chilean Birds of Prey. The Auk 83, no. 2 (1966): 308-09.
EOL:4376699	Polyborus plancus	RO:0002470	eats	EOL:2564945	Earthworms	GEONAMES:EOL:1049013	Collipulli, Malleco Province, Chile	-37.95453	-72.43438	1961-10-08	From stomach contents		Greer, J. Keever, and S. Bullock Dillman. Notes on Stomach Contents and Weights of Some Chilean Birds of Prey. The Auk 83, no. 2 (1966): 308-09.
EOL:1049171	Falco sparverius	RO:0002470	eats	EOL:421	Diptera	GEONAMES:EOL:1049013	Collipulli, Malleco Province, Chile	-37.95453	-72.43438	1961-10-08	From stomach contents		Greer, J. Keever, and S. Bullock Dillman. Notes on Stomach Contents and Weights of Some Chilean Birds of Prey. The Auk 83, no. 2 (1966): 308-09.
EOL:4376699	Polyborus plancus	RO:0002470	eats	EOL:7446	Elateridae	GEONAMES:EOL:1049013	Collipulli, Malleco Province, Chile	-37.95453	-72.43438	1961-10-08	From stomach contents		Greer, J. Keever, and S. Bullock Dillman. Notes on Stomach Contents and Weights of Some Chilean Birds of Prey. The Auk 83, no. 2 (1966): 308-09.
EOL:1049171	Falco sparverius	RO:0002470	eats	EOL:7467	Carabidae Adults	GEONAMES:EOL:1049013	Collipulli, Malleco Province, Chile	-37.95453	-72.43438	1961-10-08	From stomach contents		Greer, J. Keever, and S. Bullock Dillman. Notes on Stomach Contents and Weights of Some Chilean Birds of Prey. The Auk 83, no. 2 (1966): 308-09.
EOL:1049171	Falco sparverius	RO:0002470	eats	EOL:7467	Carabidae Larvae	GEONAMES:EOL:1049013	Collipulli, Malleco Province, Chile	-37.95453	-72.43438	1961-10-08	From stomach contents		Greer, J. Keever, and S. Bullock Dillman. Notes on Stomach Contents and Weights of Some Chilean Birds of Prey. The Auk 83, no. 2 (1966): 308-09.
EOL:1049013	Elanus leucurus	RO:0002470	eats	EOL:916840	Zonotrichia capensis	GEONAMES:EOL:1049013	Collipulli, Malleco Province, Chile	-37.95453	-72.43438	1961-10-08	From stomach contents		Greer, J. Keever, and S. Bullock Dillman. Notes on Stomach Contents and Weights of Some Chilean Birds of Prey. The Auk 83, no. 2 (1966): 308-09.
EOL:1049101	Parabuteo unicinctus	RO:0002470	eats	EOL:327977	Oryctolagus cuniculus	GEONAMES:EOL:1049013	Collipulli, Malleco Province, Chile	-37.95453	-72.43438	1961-10-08	From stomach contents		Greer, J. Keever, and S. Bullock Dillman. Notes on Stomach Contents and Weights of Some Chilean Birds of Prey. The Auk 83, no. 2 (1966): 308-09.
EOL:1049101	Parabuteo unicinctus	RO:0002470	eats	EOL:42343	Rattus	GEONAMES:EOL:1049013	Collipulli, Malleco Province, Chile	-37.95453	-72.43438	1961-10-08	From stomach contents		Greer, J. Keever, and S. Bullock Dillman. Notes on Stomach Contents and Weights of Some Chilean Birds of Prey. The Auk 83, no. 2 (1966): 308-09.
EOL:1049013	Elanus leucurus	RO:0002470	eats	EOL:463818	Liolaemus	GEONAMES:EOL:1049013	Collipulli, Malleco Province, Chile	-37.95453	-72.43438	1961-10-08	From stomach contents		Greer, J. Keever, and S. Bullock Dillman. Notes on Stomach Contents and Weights of Some Chilean Birds of Prey. The Auk 83, no. 2 (1966): 308-09.
EOL:1049171	Falco sparverius	RO:0002470	eats	EOL:463818	Liolaemus	GEONAMES:EOL:1049013	Collipulli, Malleco Province, Chile	-37.95453	-72.43438	1961-10-08	From stomach contents		Greer, J. Keever, and S. Bullock Dillman. Notes on Stomach Contents and Weights of Some Chilean Birds of Prey. The Auk 83, no. 2 (1966): 308-09.
EOL:1049101	Parabuteo unicinctus	RO:0002470	eats	EOL:463818	Liolaemus	GEONAMES:EOL:1049013	Collipulli, Malleco Province, Chile	-37.95453	-72.43438	1961-10-08	From stomach contents		Greer, J. Keever, and S. Bullock Dillman. Notes on Stomach Contents and Weights of Some Chilean Birds of Prey. The Auk 83, no. 2 (1966): 308-09.
EOL:1049171	Falco sparverius	RO:0002470	eats	EOL:648	Hymenoptera	GEONAMES:EOL:1049013	Collipulli, Malleco Province, Chile	-37.95453	-72.43438	1961-10-08	From stomach contents		Greer, J. Keever, and S. Bullock Dillman. Notes on Stomach Contents and Weights of Some Chilean Birds of Prey. The Auk 83, no. 2 (1966): 308-09.
EOL:1049171	Falco sparverius	RO:0002470	eats	EOL:747	Lepidoptera Adults	GEONAMES:EOL:1049013	Collipulli, Malleco Province, Chile	-37.95453	-72.43438	1961-10-08	From stomach contents		Greer, J. Keever, and S. Bullock Dillman. Notes on Stomach Contents and Weights of Some Chilean Birds of Prey. The Auk 83, no. 2 (1966): 308-09.
EOL:1049171	Falco sparverius	RO:0002470	eats	EOL:747	Lepidoptera Larvae	GEONAMES:EOL:1049013	Collipulli, Malleco Province, Chile	-37.95453	-72.43438	1961-10-08	From stomach contents		Greer, J. Keever, and S. Bullock Dillman. Notes on Stomach Contents and Weights of Some Chilean Birds of Prey. The Auk 83, no. 2 (1966): 308-09.
EOL:4376699	Polyborus plancus	RO:0002470	eats	EOL:747	Lepidoptera Larvae	GEONAMES:EOL:1049013	Collipulli, Malleco Province, Chile	-37.95453	-72.43438	1961-10-08	From stomach contents		Greer, J. Keever, and S. Bullock Dillman. Notes on Stomach Contents and Weights of Some Chilean Birds of Prey. The Auk 83, no. 2 (1966): 308-09.
EOL:1049171	Falco sparverius	RO:0002470	eats	EOL:88263	Antandrus sp. (Orthoptera)	GEONAMES:EOL:1049013	Collipulli, Malleco Province, Chile	-37.95453	-72.43438	1961-10-08	From stomach contents		Greer, J. Keever, and S. Bullock Dillman. Notes on Stomach Contents and Weights of Some Chilean Birds of Prey. The Auk 83, no. 2 (1966): 308-09.
EOL:328570	Balaenoptera acutorostrata	RO:0002470	eats	EOL:206692	Gadus morhua	GEONAMES:3144096	Lofoten and Vesteralen areas of Norway	62	10	1988-08-03/1988-08-18	From stomach contents		Lydersen, Christian, Jan Marcin Weslawski, and Nils Are Oritsland. Stomach Content Analysis of Minke Whales Balaenoptera Acutorostrata from the Lofoten and Vesteralen Areas, Norway. Ecography 14, no. 3, 219-22.
EOL:328570	Balaenoptera acutorostrata	RO:0002470	eats	EOL:212899	Melanogrammus aeglefinus	GEONAMES:3144096	Lofoten and Vesteralen areas of Norway	62	10	1988-08-03/1988-08-18	From stomach contents		Lydersen, Christian, Jan Marcin Weslawski, and Nils Are Oritsland. Stomach Content Analysis of Minke Whales Balaenoptera Acutorostrata from the Lofoten and Vesteralen Areas, Norway. Ecography 14, no. 3, 219-22.
EOL:205841	Micrometrus minimus	RO:0002470	eats	EOL:39345	Allorchestes	GEONAMES:5384482	Portuguese Bend, Los Angeles County	33.73557	-118.36146		From stomach contents		Mitchell, Donald F. An Analysis of Stomach Contents of California Tide Pool Fishes. American Midland Naturalist 49, no. 3 (1953): 862-71.
EOL:205841	Micrometrus minimus	RO:0002470	eats	EOL:503373	Barleeia bentleyi	GEONAMES:5384482	Portuguese Bend, Los Angeles County	33.73557	-118.36146		From stomach contents		Mitchell, Donald F. An Analysis of Stomach Contents of California Tide Pool Fishes. American Midland Naturalist 49, no. 3 (1953): 862-71.
EOL:220103	Xererpes fucorum	RO:0002470	eats	EOL:503373	Barleeia bentleyi	GEONAMES:5384482	Portuguese Bend, Los Angeles County	33.73557	-118.36146		From stomach contents		Mitchell, Donald F. An Analysis of Stomach Contents of California Tide Pool Fishes. American Midland Naturalist 49, no. 3 (1953): 862-71.
EOL:224707	Gibbonsia elegans	RO:0002470	eats	EOL:50409	Acmea	GEONAMES:5384482	Portuguese Bend, Los Angeles County	33.73557	-118.36146		From stomach contents		Mitchell, Donald F. An Analysis of Stomach Contents of California Tide Pool Fishes. American Midland Naturalist 49, no. 3 (1953): 862-71.
EOL:205841	Micrometrus minimus	RO:0002470	eats	EOL:620206	Acmea scabra	GEONAMES:5384482	Portuguese Bend, Los Angeles County	33.73557	-118.36146		From stomach contents		Mitchell, Donald F. An Analysis of Stomach Contents of California Tide Pool Fishes. American Midland Naturalist 49, no. 3 (1953): 862-71.
EOL:328570	Balaenoptera acutorostrata	RO:0002470	eats	EOL:847095	Clupea harengus	GEONAMES:3144096	Lofoten and Vesteralen areas of Norway	62	10	1988-08-03/1988-08-18	From stomach contents		Lydersen, Christian, Jan Marcin Weslawski, and Nils Are Oritsland. Stomach Content Analysis of Minke Whales Balaenoptera Acutorostrata from the Lofoten and Vesteralen Areas, Norway. Ecography 14, no. 3, 219-22.
EOL:328570	Balaenoptera acutorostrata	RO:0002470	eats	EOL:994633	Pollachius virens	GEONAMES:3144096	Lofoten and Vesteralen areas of Norway	62	10	1988-08-03/1988-08-18	From stomach contents		Lydersen, Christian, Jan Marcin Weslawski, and Nils Are Oritsland. Stomach Content Analysis of Minke Whales Balaenoptera Acutorostrata from the Lofoten and Vesteralen Areas, Norway. Ecography 14, no. 3, 219-22.
EOL:328570	Balaenoptera acutorostrata	RO:0002470	eats	EOL:994700	Argentina silus	GEONAMES:3144096	Lofoten and Vesteralen areas of Norway	62	10	1988-08-03/1988-08-18	From stomach contents		Lydersen, Christian, Jan Marcin Weslawski, and Nils Are Oritsland. Stomach Content Analysis of Minke Whales Balaenoptera Acutorostrata from the Lofoten and Vesteralen Areas, Norway. Ecography 14, no. 3, 219-22.
